metric,value
MSE_Base,30.13996696472168
MSE_Fast,30.13996696472168
MSE_Med,35.61677169799805
MSE_Slow,381.6726989746094
Avg_Cross_Corr,
